Date,Number of flights, ,,,,,,,,,,
02/01/2019,5147,, ,,,,,,,,,
03/01/2019,5518, ,, ,,,,,,,,
04/01/2019,5588, ,,,,,,,,,,
05/01/2019,4798,,,, ,,,,,,,
06/01/2019,5329, ,, ,,,,,,,,
07/01/2019,5288,,,,,,,,,,,
08/01/2019,4670,,,,,,,,,,,
09/01/2019,4702,,,,,,,,,,,
10/01/2019,5056,,,,,,,,,,,
11/01/2019,5330,,,,,,,,,,,
12/01/2019,4227,,,,,,,,,,,
13/01/2019,4848,,,,, ,,,,,,
14/01/2019,5147,,,,,,,,,,,
15/01/2019,4596,,,,,,,,,,,
16/01/2019,4625,,,,,,,,,,,
17/01/2019,5068,,,,,,,,,,,
18/01/2019,5426,,,,,,,,,,,
19/01/2019,4172,,,,,,,,,,,
20/01/2019,4929,,,,,,,,,,,
21/01/2019,5167,,,,,,,,,,,
22/01/2019,4550,,,,,,,,,,,
23/01/2019,4611,,,,,,,,,,,
24/01/2019,5089,,,,,,,,,,,
25/01/2019,5444,,,,,,,,,,,
26/01/2019,4215,,,,,,,,,,,
27/01/2019,4899,,,,,,,,,,,
28/01/2019,5252,,,,,,,,,,,
29/01/2019,4638,,,,,,,,,,,
30/01/2019,4686,,,,,,,,,,,
31/01/2019,5026,,,,,,,,,,,
01/02/2019,5182,,,,,,,,,,,
02/02/2019,4362,,,,,,,,,,,
03/02/2019,5044,,,,,,,,,,,
04/02/2019,5262,,,,,,,,,,,
05/02/2019,4767,,,,,,,,,,,
06/02/2019,4867,,,,,,,,,,,
07/02/2019,5363,,,,,,,,,,,
08/02/2019,5508,,,,,,,,,,,
09/02/2019,4499,,,,,,,,,,,
10/02/2019,5098,,,,,,,,,,,
11/02/2019,5475,,,,,,,,,,,
12/02/2019,5046,,,,,,,,,,,
13/02/2019,5035,,,,,,,,,,,
14/02/2019,5548,,,,,,,,,,,
15/02/2019,5961,,,,,,,,,,,
16/02/2019,5054,,,,,,,,,,,
17/02/2019,5290,,,,,,,,,,,
18/02/2019,5529,,,,,,,,,,,
19/02/2019,5154,,,,,,,,,,,
20/02/2019,5026,,,,,,,,,,,
21/02/2019,5527,,,,,,,,,,,
22/02/2019,5611,,,,,,,,,,,
23/02/2019,4981,,,,,,,,,,,
24/02/2019,5692,,,,,,,,,,,
25/02/2019,5621,,,,,,,,,,,
26/02/2019,5200,,,,,,,,,,,
27/02/2019,5122,,,,,,,,,,,
28/02/2019,5569,,,,,,,,,,,
01/03/2019,5818,,,,,,,,,,,
02/03/2019,4657,,,,,,,,,,,
03/03/2019,5144,,,,,,,,,,,
04/03/2019,5590,,,,,,,,,,,
05/03/2019,5140,,,,,,,,,,,
06/03/2019,5112,,,,,,,,,,,
07/03/2019,5581,,,,,,,,,,,
08/03/2019,5833,,,,,,,,,,,
09/03/2019,4621,,,,,,,,,,,
10/03/2019,5184,,,,,,,,,,,
11/03/2019,5693,,,,,,,,,,,
12/03/2019,5089,,,,,,,,,,,
13/03/2019,5076,,,,,,,,,,,
14/03/2019,5583,,,,,,,,,,,
15/03/2019,5883,,,,,,,,,,,
16/03/2019,4673,,,,,,,,,,,
17/03/2019,5324,,,,,,,,,,,
18/03/2019,5693,,,,,,,,,,,
19/03/2019,5209,,,,,,,,,,,
20/03/2019,5182,,,,,,,,,,,
21/03/2019,5665,,,,,,,,,,,
22/03/2019,5891,,,,,,,,,,,
23/03/2019,4670,,,,,,,,,,,
24/03/2019,5313,,,,,,,,,,,
25/03/2019,5621,,,,,,,,,,,
26/03/2019,5233,,,,,,,,,,,
27/03/2019,5243,,,,,,,,,,,
28/03/2019,5709,,,,,,,,,,,
29/03/2019,5985,,,,,,,,,,,
30/03/2019,4788,,,,,,,,,,,
31/03/2019,5361,,,,,,,,,,,
01/04/2019,6058,,,,,,,,,,,
02/04/2019,5832,,,,,,,,,,,
03/04/2019,5915,,,,,,,,,,,
04/04/2019,6078,,,,,,,,,,,
05/04/2019,6288,,,,,,,,,,,
06/04/2019,5353,,,,,,,,,,,
07/04/2019,5710,,,,,,,,,,,
08/04/2019,6125,,,,,,,,,,,
09/04/2019,5946,,,,,,,,,,,
10/04/2019,6064,,,,,,,,,,,
11/04/2019,6198,,,,,,,,,,,
12/04/2019,6372,,,,,,,,,,,
13/04/2019,5367,,,,,,,,,,,
14/04/2019,5761,,,,,,,,,,,
15/04/2019,6119,,,,,,,,,,,
16/04/2019,5930,,,,,,,,,,,
17/04/2019,5989,,,,,,,,,,,
18/04/2019,6268,,,,,,,,,,,
19/04/2019,5859,,,,,,,,,,,
20/04/2019,5174,,,,,,,,,,,
21/04/2019,5555,,,,,,,,,,,
22/04/2019,5903,,,,,,,,,,,
23/04/2019,5999,,,,,,,,,,,
24/04/2019,5983,,,,,,,,,,,
25/04/2019,6106,,,,,,,,,,,
26/04/2019,6253,,,,,,,,,,,
27/04/2019,5172,,,,,,,,,,,
28/04/2019,5677,,,,,,,,,,,
29/04/2019,6201,,,,,,,,,,,
30/04/2019,6085,,,,,,,,,,,
01/05/2019,6157,,,,,,,,,,,
02/05/2019,6396,,,,,,,,,,,
03/05/2019,6677,,,,,,,,,,,
04/05/2019,5474,,,,,,,,,,,
05/05/2019,5900,,,,,,,,,,,
06/05/2019,6076,,,,,,,,,,,
07/05/2019,6373,,,,,,,,,,,
08/05/2019,6286,,,,,,,,,,,
09/05/2019,6207,,,,,,,,,,,
10/05/2019,6672,,,,,,,,,,,
11/05/2019,5601,,,,,,,,,,,
12/05/2019,6121,,,,,,,,,,,
13/05/2019,6457,,,,,,,,,,,
14/05/2019,6284,,,,,,,,,,,
15/05/2019,6331,,,,,,,,,,,
16/05/2019,6509,,,,,,,,,,,
17/05/2019,6632,,,,,,,,,,,
18/05/2019,5686,,,,,,,,,,,
19/05/2019,6007,,,,,,,,,,,
20/05/2019,6644,,,,,,,,,,,
21/05/2019,6258,,,,,,,,,,,
22/05/2019,6498,,,,,,,,,,,
23/05/2019,6702,,,,,,,,,,,
24/05/2019,7089,,,,,,,,,,,
25/05/2019,6003,,,,,,,,,,,
26/05/2019,6175,,,,,,,,,,,
27/05/2019,6445,,,,,,,,,,,
28/05/2019,6589,,,,,,,,,,,
29/05/2019,6618,,,,,,,,,,,
30/05/2019,6745,,,,,,,,,,,
31/05/2019,6970,,,,,,,,,,,
01/06/2019,6130,,,,,,,,,,,
02/06/2019,6747,,,,,,,,,,,
03/06/2019,6819,,,,,,,,,,,
04/06/2019,6654,,,,,,,,,,,
05/06/2019,6765,,,,,,,,,,,
06/06/2019,6896,,,,,,,,,,,
07/06/2019,6915,,,,,,,,,,,
08/06/2019,5978,,,,,,,,,,,
09/06/2019,6283,,,,,,,,,,,
10/06/2019,6762,,,,,,,,,,,
11/06/2019,6653,,,,,,,,,,,
12/06/2019,6608,,,,,,,,,,,
13/06/2019,6953,,,,,,,,,,,
14/06/2019,7015,,,,,,,,,,,
15/06/2019,5998,,,,,,,,,,,
16/06/2019,6445,,,,,,,,,,,
17/06/2019,6934,,,,,,,,,,,
18/06/2019,6684,,,,,,,,,,,
19/06/2019,6745,,,,,,,,,,,
20/06/2019,6995,,,,,,,,,,,
21/06/2019,7038,,,,,,,,,,,
22/06/2019,5990,,,,,,,,,,,
23/06/2019,6433,,,,,,,,,,,
24/06/2019,6833,,,,,,,,,,,
25/06/2019,6711,,,,,,,,,,,
26/06/2019,6766,,,,,,,,,,,
27/06/2019,7039,,,,,,,,,,,
28/06/2019,7010,,,,,,,,,,,
29/06/2019,6014,,,,,,,,,,,
30/06/2019,6464,,,,,,,,,,,
01/07/2019,6932,,,,,,,,,,,
02/07/2019,6749,,,,,,,,,,,
03/07/2019,6794,,,,,,,,,,,
04/07/2019,7034,,,,,,,,,,,
05/07/2019,7080,,,,,,,,,,,
06/07/2019,6118,,,,,,,,,,,
07/07/2019,6454,,,,,,,,,,,
08/07/2019,6889,,,,,,,,,,,
09/07/2019,6707,,,,,,,,,,,
10/07/2019,6704,,,,,,,,,,,
11/07/2019,7010,,,,,,,,,,,
12/07/2019,7002,,,,,,,,,,,
13/07/2019,6199,,,,,,,,,,,
14/07/2019,6555,,,,,,,,,,,
15/07/2019,6958,,,,,,,,,,,
16/07/2019,6667,,,,,,,,,,,
17/07/2019,6795,,,,,,,,,,,
18/07/2019,6972,,,,,,,,,,,
19/07/2019,6950,,,,,,,,,,,
20/07/2019,6091,,,,,,,,,,,
21/07/2019,6432,,,,,,,,,,,
22/07/2019,6836,,,,,,,,,,,
23/07/2019,6651,,,,,,,,,,,
24/07/2019,6667,,,,,,,,,,,
25/07/2019,6519,,,,,,,,,,,
26/07/2019,6807,,,,,,,,,,,
27/07/2019,6074,,,,,,,,,,,
28/07/2019,6338,,,,,,,,,,,
29/07/2019,6799,,,,,,,,,,,
30/07/2019,6639,,,,,,,,,,,
31/07/2019,6726,,,,,,,,,,,
01/08/2019,6871,,,,,,,,,,,
02/08/2019,6911,,,,,,,,,,,
03/08/2019,6134,,,,,,,,,,,
04/08/2019,6398,,,,,,,,,,,
05/08/2019,6740,,,,,,,,,,,
06/08/2019,6527,,,,,,,,,,,
07/08/2019,6454,,,,,,,,,,,
08/08/2019,6808,,,,,,,,,,,
09/08/2019,6716,,,,,,,,,,,
10/08/2019,5992,,,,,,,,,,,
11/08/2019,6422,,,,,,,,,,,
12/08/2019,6735,,,,,,,,,,,
13/08/2019,6592,,,,,,,,,,,
14/08/2019,6613,,,,,,,,,,,
15/08/2019,6786,,,,,,,,,,,
16/08/2019,6886,,,,,,,,,,,
17/08/2019,6063,,,,,,,,,,,
18/08/2019,6418,,,,,,,,,,,
19/08/2019,6783,,,,,,,,,,,
20/08/2019,6638,,,,,,,,,,,
21/08/2019,6716,,,,,,,,,,,
22/08/2019,6859,,,,,,,,,,,
23/08/2019,6955,,,,,,,,,,,
24/08/2019,6081,,,,,,,,,,,
25/08/2019,6394,,,,,,,,,,,
26/08/2019,6541,,,,,,,,,,,
27/08/2019,6710,,,,,,,,,,,
28/08/2019,6779,,,,,,,,,,,
29/08/2019,6956,,,,,,,,,,,
30/08/2019,7065,,,,,,,,,,,
31/08/2019,6201,,,,,,,,,,,
01/09/2019,6378,,,,,,,,,,,
02/09/2019,6917,,,,,,,,,,,
03/09/2019,6723,,,,,,,,,,,
04/09/2019,6723,,,,,,,,,,,
05/09/2019,6964,,,,,,,,,,,
06/09/2019,6850,,,,,,,,,,,
07/09/2019,5997,,,,,,,,,,,
08/09/2019,6507,,,,,,,,,,,
09/09/2019,6096,*,,,,,,,,,,
10/09/2019,5926,*,,,,,,,,,,
11/09/2019,6656,*,,,,,,,,,,
12/09/2019,6948,*,,,,,,,,,,
13/09/2019,7047,*,,,,,,,,,,
14/09/2019,5965,*,,,,,,,,,,
15/09/2019,6467,*,,,,,,,,,,
16/09/2019,6847,*,,,,,,,,,,
17/09/2019,6663,,,,,,,,,,,
18/09/2019,6678,,,,,,,,,,,
19/09/2019,6920,,,,,,,,,,,
20/09/2019,7020,,,,,,,,,,,
21/09/2019,5884,,,,,,,,,,,
22/09/2019,6361,,,,,,,,,,,
23/09/2019,6793,,,,,,,,,,,
24/09/2019,6413,,,,,,,,,,,
25/09/2019,6637,,,,,,,,,,,
26/09/2019,6879,,,,,,,,,,,
27/09/2019,6472,,,,,,,,,,,
28/09/2019,5771,,,,,,,,,,,
29/09/2019,6296,,,,,,,,,,,
30/09/2019,6755,,,,,,,,,,,
01/10/2019,6154,,,,,,,,,,,
02/10/2019,6418,,,,,,,,,,,
03/10/2019,6575,,,,,,,,,,,
04/10/2019,6743,,,,,,,,,,,
05/10/2019,5520,,,,,,,,,,,
06/10/2019,6146,,,,,,,,,,,
07/10/2019,6439,,,,,,,,,,,
08/10/2019,6000,,,,,,,,,,,
09/10/2019,6044,,,,,,,,,,,
10/10/2019,6428,,,,,,,,,,,
11/10/2019,6569,,,,,,,,,,,
12/10/2019,5337,,,,,,,,,,,
13/10/2019,5938,,,,,,,,,,,
14/10/2019,6366,,,,,,,,,,,
15/10/2019,6110,,,,,,,,,,,
16/10/2019,6102,,,,,,,,,,,
17/10/2019,6393,,,,,,,,,,,
18/10/2019,6623,,,,,,,,,,,
19/10/2019,5475,,,,,,,,,,,
20/10/2019,5965,,,,,,,,,,,
21/10/2019,6388,,,,,,,,,,,
22/10/2019,6036,,,,,,,,,,,
23/10/2019,6156,,,,,,,,,,,
24/10/2019,6418,,,,,,,,,,,
25/10/2019,6431,,,,,,,,,,,
26/10/2019,5389,,,,,,,,,,,
27/10/2019,5607,,,,,,,,,,,
28/10/2019,5935,,,,,,,,,,,
29/10/2019,5563,,,,,,,,,,,
30/10/2019,5483,,,,,,,,,,,
31/10/2019,5833,,,,,,,,,,,
01/11/2019,5874,,,,,,,,,,,
02/11/2019,4674,,,,,,,,,,,
03/11/2019,5413,,,,,,,,,,,
04/11/2019,5683,,,,,,,,,,,
05/11/2019,5112,,,,,,,,,,,
06/11/2019,4902,,,,,,,,,,,
07/11/2019,5301,,,,,,,,,,,
08/11/2019,5692,,,,,,,,,,,
09/11/2019,4123,,,,,,,,,,,
10/11/2019,5099,,,,,,,,,,,
11/11/2019,5503,,,,,,,,,,,
12/11/2019,4732,,,,,,,,,,,
13/11/2019,4695,,,,,,,,,,,
14/11/2019,5289,,,,,,,,,,,
15/11/2019,5701,,,,,,,,,,,
16/11/2019,4089,,,,,,,,,,,
17/11/2019,5031,,,,,,,,,,,
18/11/2019,5423,,,,,,,,,,,
19/11/2019,4671,,,,,,,,,,,
20/11/2019,4736,,,,,,,,,,,
21/11/2019,5171,,,,,,,,,,,
22/11/2019,5650,,,,,,,,,,,
23/11/2019,3954,,,,,,,,,,,
24/11/2019,4948,,,,,,,,,,,
25/11/2019,5267,,,,,,,,,,,
26/11/2019,4679,,,,,,,,,,,
27/11/2019,4726,,,,,,,,,,,
28/11/2019,5182,,,,,,,,,,,
29/11/2019,5512,,,,,,,,,,,
30/11/2019,4004,,,,,,,,,,,
01/12/2019,5024,,,,,,,,,,,
02/12/2019,5507,,,,,,,,,,,
03/12/2019,4955,,,,,,,,,,,
04/12/2019,5054,,,,,,,,,,,
05/12/2019,5257,,,,,,,,,,,
06/12/2019,5641,,,,,,,,,,,
07/12/2019,4227,,,,,,,,,,,
08/12/2019,5070,,,,,,,,,,,
09/12/2019,5570,,,,,,,,,,,
10/12/2019,4890,,,,,,,,,,,
11/12/2019,5109,,,,,,,,,,,
12/12/2019,5464,,,,,,,,,,,
13/12/2019,5821,,,,,,,,,,,
14/12/2019,4607,,,,,,,,,,,
15/12/2019,5245,,,,,,,,,,,
16/12/2019,5579,,,,,,,,,,,
17/12/2019,5033,,,,,,,,,,,
18/12/2019,5156,,,,,,,,,,,
19/12/2019,5800,,,,,,,,,,,
20/12/2019,5933,,,,,,,,,,,
21/12/2019,5070,,,,,,,,,,,
22/12/2019,5380,,,,,,,,,,,
23/12/2019,5494,,,,,,,,,,,
24/12/2019,3883,,,,,,,,,,,
25/12/2019,1386,*,,,,,,,,,,
26/12/2019,4498,*,,,,,,,,,,
27/12/2019,5513,*,,,,,,,,,,
28/12/2019,4894,*,,,,,,,,,,
29/12/2019,5220,*,,,,,,,,,,
30/12/2019,5140,*,,,,,,,,,,
31/12/2019,4112,*,,,,,,,,,,
01/01/2020,3950,,,,,,,,,,,
02/01/2020,5252,,,,,,,,,,,
03/01/2020,5536,,,,,,,,,,,
04/01/2020,4844,,,,,,,,,,,
05/01/2020,5390,,,,,,,,,,,
06/01/2020,5245,,,,,,,,,,,
07/01/2020,4630,,,,,,,,,,,
08/01/2020,4474,,,,,,,,,,,
09/01/2020,4801,,,,,,,,,,,
10/01/2020,5297,,,,,,,,,,,
11/01/2020,4199,,,,,,,,,,,
12/01/2020,4950,,,,,,,,,,,
13/01/2020,4825,,,,,,,,,,,
14/01/2020,4120,,,,,,,,,,,
15/01/2020,4362,,,,,,,,,,,
16/01/2020,4786,,,,,,,,,,,
17/01/2020,5310,,,,,,,,,,,
18/01/2020,4155,,,,,,,,,,,
19/01/2020,4990,,,,,,,,,,,
20/01/2020,5023,,,,,,,,,,,
21/01/2020,4364,,,,,,,,,,,
22/01/2020,4242,,,,,,,,,,,
23/01/2020,4886,,,,,,,,,,,
24/01/2020,5436,,,,,,,,,,,
25/01/2020,4135,,,,,,,,,,,
26/01/2020,4934,,,,,,,,,,,
27/01/2020,5031,,,,,,,,,,,
28/01/2020,4325,,,,,,,,,,,
29/01/2020,4404,,,,,,,,,,,
30/01/2020,4866,,,,,,,,,,,
31/01/2020,5414,,,,,,,,,,,
01/02/2020,4298,,,,,,,,,,,
02/02/2020,4969,,,,,,,,,,,
03/02/2020,5127,,,,,,,,,,,
04/02/2020,4524,,,,,,,,,,,
05/02/2020,4605,,,,,,,,,,,
06/02/2020,5058,,,,,,,,,,,
07/02/2020,5525,,,,,,,,,,,
08/02/2020,4410,,,,,,,,,,,
09/02/2020,3171,*,,,,,,,,,,
10/02/2020,5056,*,,,,,,,,,,
11/02/2020,4579,*,,,,,,,,,,
12/02/2020,4801,*,,,,,,,,,,
13/02/2020,5299,*,,,,,,,,,,
14/02/2020,5870,*,,,,,,,,,,
15/02/2020,4506,*,,,,,,,,,,
16/02/2020,4927,,,,,,,,,,,
17/02/2020,5392,,,,,,,,,,,
18/02/2020,4958,,,,,,,,,,,
19/02/2020,4906,,,,,,,,,,,
20/02/2020,5306,,,,,,,,,,,
21/02/2020,5722,,,,,,,,,,,
22/02/2020,4845,,,,,,,,,,,
23/02/2020,5460,,,,,,,,,,,
24/02/2020,5593,,,,,,,,,,,
25/02/2020,5162,,,,,,,,,,,
26/02/2020,5050,,,,,,,,,,,
27/02/2020,5448,,,,,,,,,,,
28/02/2020,5685,,,,,,,,,,,
29/02/2020,4531,,,,,,,,,,,
01/03/2020,5266,,,,,,,,,,,
02/03/2020,5503,,,,,,,,,,,
03/03/2020,5089,,,,,,,,,,,
04/03/2020,4891,,,,,,,,,,,
05/03/2020,4995,,,,,,,,,,,
06/03/2020,5309,,,,,,,,,,,
07/03/2020,4340,,,,,,,,,,,
08/03/2020,4953,,,,,,,,,,,
09/03/2020,5175,,,,,,,,,,,
10/03/2020,4470,,,,,,,,,,,
11/03/2020,4332,,,,,,,,,,,
12/03/2020,4903,,,,,,,,,,,
13/03/2020,5158,,,,,,,,,,,
14/03/2020,4093,,,,,,,,,,,
15/03/2020,4448,,,,,,,,,,,
16/03/2020,4489,,,,,,,,,,,
17/03/2020,3575,,,,,,,,,,,
18/03/2020,3258,,,,,,,,,,,
19/03/2020,3278,,,,,,,,,,,
20/03/2020,3265,,,,,,,,,,,
21/03/2020,1926,,,,,,,,,,,
22/03/2020,1904,,,,,,,,,,,
23/03/2020,1663,,,,,,,,,,,
24/03/2020,1348,,,,,,,,,,,
25/03/2020,1071,,,,,,,,,,,
26/03/2020,1098,,,,,,,,,,,
27/03/2020,1053,,,,,,,,,,,
28/03/2020,733,,,,,,,,,,,
29/03/2020,706,,,,,,,,,,,
30/03/2020,658,,,,,,,,,,,
31/03/2020,677,,,,,,,,,,,
01/04/2020,680,,,,,,,,,,,
02/04/2020,642,,,,,,,,,,,
03/04/2020,667,,,,,,,,,,,
04/04/2020,465,,,,,,,,,,,
05/04/2020,462,,,,,,,,,,,
06/04/2020,506,,,,,,,,,,,
07/04/2020,564,,,,,,,,,,,
08/04/2020,591,,,,,,,,,,,
09/04/2020,563,,,,,,,,,,,
10/04/2020,473,,,,,,,,,,,
11/04/2020,341,,,,,,,,,,,
12/04/2020,346,,,,,,,,,,,
13/04/2020,353,,,,,,,,,,,
14/04/2020,501,,,,,,,,,,,
15/04/2020,563,,,,,,,,,,,
16/04/2020,585,,,,,,,,,,,
17/04/2020,553,,,,,,,,,,,
18/04/2020,391,,,,,,,,,,,
19/04/2020,399,,,,,,,,,,,
20/04/2020,542,,,,,,,,,,,
21/04/2020,530,,,,,,,,,,,
22/04/2020,613,,,,,,,,,,,
23/04/2020,602,,,,,,,,,,,
24/04/2020,602,,,,,,,,,,,
25/04/2020,417,,,,,,,,,,,
26/04/2020,406,,,,,,,,,,,
27/04/2020,561,,,,,,,,,,,
28/04/2020,564,,,,,,,,,,,
29/04/2020,642,,,,,,,,,,,
30/04/2020,643,,,,,,,,,,,
01/05/2020,611,,,,,,,,,,,
02/05/2020,416,,,,,,,,,,,
03/05/2020,474,,,,,,,,,,,
04/05/2020,585,,,,,,,,,,,
05/05/2020,603,,,,,,,,,,,
06/05/2020,714,,,,,,,,,,,
07/05/2020,678,,,,,,,,,,,
08/05/2020,573,,,,,,,,,,,
09/05/2020,432,,,,,,,,,,,
10/05/2020,513,,,,,,,,,,,
11/05/2020,638,,,,,,,,,,,
12/05/2020,659,,,,,,,,,,,
13/05/2020,697,,,,,,,,,,,
14/05/2020,694,,,,,,,,,,,
15/05/2020,707,,,,,,,,,,,
16/05/2020,486,,,,,,,,,,,
17/05/2020,497,,,,,,,,,,,
18/05/2020,684,,,,,,,,,,,
19/05/2020,658,,,,,,,,,,,
20/05/2020,761,,,,,,,,,,,
21/05/2020,692,,,,,,,,,,,
22/05/2020,696,,,,,,,,,,,
23/05/2020,562,,,,,,,,,,,
24/05/2020,554,,,,,,,,,,,
25/05/2020,628,,,,,,,,,,,
26/05/2020,750,,,,,,,,,,,
27/05/2020,820,,,,,,,,,,,
28/05/2020,729,,,,,,,,,,,
29/05/2020,841,,,,,,,,,,,
30/05/2020,553,,,,,,,,,,,
31/05/2020,551,,,,,,,,,,,
01/06/2020,714,,,,,,,,,,,
02/06/2020,819,,,,,,,,,,,
03/06/2020,891,,,,,,,,,,,
04/06/2020,888,,,,,,,,,,,
05/06/2020,939,,,,,,,,,,,
06/06/2020,694,,,,,,,,,,,
07/06/2020,728,,,,,,,,,,,
08/06/2020,793,,,,,,,,,,,
09/06/2020,772,,,,,,,,,,,
10/06/2020,834,,,,,,,,,,,
11/06/2020,780,,,,,,,,,,,
12/06/2020,844,,,,,,,,,,,
13/06/2020,555,,,,,,,,,,,
14/06/2020,617,,,,,,,,,,,
15/06/2020,863,,,,,,,,,,,
16/06/2020,831,,,,,,,,,,,
17/06/2020,884,,,,,,,,,,,
18/06/2020,903,,,,,,,,,,,
19/06/2020,933,,,,,,,,,,,
20/06/2020,612,,,,,,,,,,,
21/06/2020,731,,,,,,,,,,,
22/06/2020,998,,,,,,,,,,,
23/06/2020,950,,,,,,,,,,,
24/06/2020,1012,,,,,,,,,,,
25/06/2020,1054,,,,,,,,,,,
26/06/2020,1051,,,,,,,,,,,
27/06/2020,718,,,,,,,,,,,
28/06/2020,767,,,,,,,,,,,
29/06/2020,963,,,,,,,,,,,
30/06/2020,1023,,,,,,,,,,,
01/07/2020,1583,,,,,,,,,,,
02/07/2020,1556,,,,,,,,,,,
03/07/2020,1669,,,,,,,,,,,
04/07/2020,1337,,,,,,,,,,,
05/07/2020,1413,,,,,,,,,,,
06/07/2020,1602,,,,,,,,,,,
07/07/2020,1533,,,,,,,,,,,
08/07/2020,1606,,,,,,,,,,,
09/07/2020,1691,,,,,,,,,,,
10/07/2020,1907,,,,,,,,,,,
11/07/2020,1548,,,,,,,,,,,
12/07/2020,1594,,,,,,,,,,,
13/07/2020,1698,,,,,,,,,,,
14/07/2020,1676,,,,,,,,,,,
15/07/2020,1881,,,,,,,,,,,
16/07/2020,2115,,,,,,,,,,,
17/07/2020,2264,,,,,,,,,,,
18/07/2020,1994,,,,,,,,,,,
19/07/2020,2030,,,,,,,,,,,
20/07/2020,2138,,,,,,,,,,,
21/07/2020,2044,,,,,,,,,,,
22/07/2020,2101,,,,,,,,,,,
23/07/2020,2166,,,,,,,,,,,
24/07/2020,2419,,,,,,,,,,,
25/07/2020,2223,,,,,,,,,,,
26/07/2020,2237,,,,,,,,,,,
27/07/2020,2156,,,,,,,,,,,
28/07/2020,2066,,,,,,,,,,,
29/07/2020,2163,,,,,,,,,,,
30/07/2020,2191,,,,,,,,,,,
31/07/2020,2529,,,,,,,,,,,
01/08/2020,2816,,,,,,,,,,,
02/08/2020,2765,,,,,,,,,,,
03/08/2020,2865,,,,,,,,,,,
04/08/2020,2499,,,,,,,,,,,
05/08/2020,2578,,,,,,,,,,,
06/08/2020,2687,,,,,,,,,,,
07/08/2020,2977,,,,,,,,,,,
08/08/2020,2688,,,,,,,,,,,
09/08/2020,2775,,,,,,,,,,,
10/08/2020,2832,,,,,,,,,,,
11/08/2020,2491,,,,,,,,,,,
12/08/2020,2544,,,,,,,,,,,
13/08/2020,2566,,,,,,,,,,,
14/08/2020,3018,,,,,,,,,,,
15/08/2020,2702,,,,,,,,,,,
16/08/2020,2779,,,,,,,,,,,
17/08/2020,2780,,,,,,,,,,,
18/08/2020,2502,,,,,,,,,,,
19/08/2020,2621,,,,,,,,,,,
20/08/2020,2712,,,,,,,,,,,
21/08/2020,2963,,,,,,,,,,,
22/08/2020,2726,,,,,,,,,,,
23/08/2020,2831,,,,,,,,,,,
24/08/2020,2922,,,,,,,,,,,
25/08/2020,2513,,,,,,,,,,,
26/08/2020,2694,,,,,,,,,,,
27/08/2020,2800,,,,,,,,,,,
28/08/2020,3154,,,,,,,,,,,
29/08/2020,2813,,,,,,,,,,,
30/08/2020,2954,,,,,,,,,,,
31/08/2020,3008,,,,,,,,,,,
01/09/2020,2702,,,,,,,,,,,
02/09/2020,2576,,,,,,,,,,,
03/09/2020,2726,,,,,,,,,,,
04/09/2020,3053,,,,,,,,,,,
05/09/2020,2608,,,,,,,,,,,
06/09/2020,2827,,,,,,,,,,,
07/09/2020,2758,,,,,,,,,,,
08/09/2020,2444,,,,,,,,,,,
09/09/2020,2508,,,,,,,,,,,
10/09/2020,2653,,,,,,,,,,,
11/09/2020,3112,,,,,,,,,,,
12/09/2020,2513,,,,,,,,,,,
13/09/2020,2778,,,,,,,,,,,
14/09/2020,2754,,,,,,,,,,,
15/09/2020,2437,,,,,,,,,,,
16/09/2020,2481,,,,,,,,,,,
17/09/2020,2689,,,,,,,,,,,
18/09/2020,3068,,,,,,,,,,,
19/09/2020,2454,,,,,,,,,,,
20/09/2020,2771,,,,,,,,,,,
21/09/2020,2716,,,,,,,,,,,
22/09/2020,2373,,,,,,,,,,,
23/09/2020,2409,,,,,,,,,,,
24/09/2020,2595,,,,,,,,,,,
25/09/2020,2979,,,,,,,,,,,
26/09/2020,2433,,,,,,,,,,,
27/09/2020,2693,,,,,,,,,,,
28/09/2020,2688,,,,,,,,,,,
29/09/2020,2330,,,,,,,,,,,
30/09/2020,2308,,,,,,,,,,,
01/10/2020,2357,,,,,,,,,,,
02/10/2020,2787,,,,,,,,,,,
03/10/2020,2255,,,,,,,,,,,
04/10/2020,2430,,,,,,,,,,,
05/10/2020,2459,,,,,,,,,,,
06/10/2020,2096,,,,,,,,,,,
07/10/2020,2137,,,,,,,,,,,
08/10/2020,2308,,,,,,,,,,,
09/10/2020,2689,,,,,,,,,,,
10/10/2020,2127,,,,,,,,,,,
11/10/2020,2315,,,,,,,,,,,
12/10/2020,2284,,,,,,,,,,,
13/10/2020,1902,,,,,,,,,,,
14/10/2020,1984,,,,,,,,,,,
15/10/2020,2144,,,,,,,,,,,
16/10/2020,2663,,,,,,,,,,,
17/10/2020,2166,,,,,,,,,,,
18/10/2020,2231,,,,,,,,,,,
19/10/2020,2109,,,,,,,,,,,
20/10/2020,1767,,,,,,,,,,,
21/10/2020,1834,,,,,,,,,,,
22/10/2020,2022,,,,,,,,,,,
23/10/2020,2408,,,,,,,,,,,
24/10/2020,2028,,,,,,,,,,,
25/10/2020,2238,,,,,,,,,,,
26/10/2020,2148,,,,,,,,,,,
27/10/2020,1753,,,,,,,,,,,
28/10/2020,1833,,,,,,,,,,,
29/10/2020,2028,,,,,,,,,,,
30/10/2020,2497,,,,,,,,,,,
31/10/2020,2021,,,,,,,,,,,
01/11/2020,2259,,,,,,,,,,,
02/11/2020,2034,,,,,,,,,,,
03/11/2020,1716,,,,,,,,,,,
04/11/2020,1825,,,,,,,,,,,
05/11/2020,1649,,,,,,,,,,,
06/11/2020,1954,,,,,,,,,,,
07/11/2020,1403,,,,,,,,,,,
08/11/2020,1536,,,,,,,,,,,
09/11/2020,1440,,,,,,,,,,,
10/11/2020,1239,,,,,,,,,,,
11/11/2020,1245,,,,,,,,,,,
12/11/2020,1337,,,,,,,,,,,
13/11/2020,1531,,,,,,,,,,,
14/11/2020,983,,,,,,,,,,,
15/11/2020,1164,,,,,,,,,,,
16/11/2020,1277,,,,,,,,,,,
17/11/2020,1104,,,,,,,,,,,
18/11/2020,1092,,,,,,,,,,,
19/11/2020,1246,,,,,,,,,,,
20/11/2020,1286,,,,,,,,,,,
21/11/2020,889,,,,,,,,,,,
22/11/2020,1005,,,,,,,,,,,
23/11/2020,1146,,,,,,,,,,,
24/11/2020,1071,,,,,,,,,,,
25/11/2020,1125,,,,,,,,,,,
26/11/2020,1160,,,,,,,,,,,
27/11/2020,1238,,,,,,,,,,,
28/11/2020,885,,,,,,,,,,,
29/11/2020,1013,,,,,,,,,,,
30/11/2020,1158,,,,,,,,,,,
01/12/2020,1160,,,,,,,,,,,
02/12/2020,1276,,,,,,,,,,,
03/12/2020,1374,,,,,,,,,,,
04/12/2020,1602,,,,,,,,,,,
05/12/2020,1168,,,,,,,,,,,
06/12/2020,1299,,,,,,,,,,,
07/12/2020,1349,,,,,,,,,,,
08/12/2020,1333,,,,,,,,,,,
09/12/2020,1455,,,,,,,,,,,
10/12/2020,1648,,,,,,,,,,,
11/12/2020,1892,,,,,,,,,,,
12/12/2020,1450,,,,,,,,,,,
13/12/2020,1559,,,,,,,,,,,
14/12/2020,1582,,,,,,,,,,,
15/12/2020,1553,,,,,,,,,,,
16/12/2020,1591,,,,,,,,,,,
17/12/2020,2196,,,,,,,,,,,
18/12/2020,2481,,,,,,,,,,,
19/12/2020,2209,,,,,,,,,,,
20/12/2020,2256,,,,,,,,,,,
21/12/2020,1828,,,,,,,,,,,
22/12/2020,1508,,,,,,,,,,,
23/12/2020,1684,,,,,,,,,,,
24/12/2020,1231,,,,,,,,,,,
25/12/2020,364,*,,,,,,,,,,
26/12/2020,926,*,,,,,,,,,,
27/12/2020,1337,*,,,,,,,,,,
28/12/2020,1258,*,,,,,,,,,,
29/12/2020,1233,*,,,,,,,,,,
30/12/2020,1359,*,,,,,,,,,,
31/12/2020,952,*,,,,,,,,,,
01/01/2021,753,,,,,,,,,,,
02/01/2021,1412,,,,,,,,,,,
03/01/2021,1724,,,,,,,,,,,
04/01/2021,1571,,,,,,,,,,,
05/01/2021,1329,,,,,,,,,,,
06/01/2021,1260,,,,,,,,,,,
07/01/2021,1263,,,,,,,,,,,
08/01/2021,1464,,,,,,,,,,,
09/01/2021,1195,,,,,,,,,,,
10/01/2021,1336,,,,,,,,,,,
11/01/2021,1056,,,,,,,,,,,
12/01/2021,975,,,,,,,,,,,
13/01/2021,980,,,,,,,,,,,
14/01/2021,1080,,,,,,,,,,,
15/01/2021,1173,,,,,,,,,,,
16/01/2021,807,,,,,,,,,,,
17/01/2021,909,,,,,,,,,,,
18/01/2021,934,,,,,,,,,,,
19/01/2021,876,,,,,,,,,,,
20/01/2021,834,,,,,,,,,,,
21/01/2021,923,,,,,,,,,,,
22/01/2021,1073,,,,,,,,,,,
23/01/2021,696,,,,,,,,,,,
24/01/2021,752,,,,,,,,,,,
25/01/2021,852,,,,,,,,,,,
26/01/2021,839,,,,,,,,,,,
27/01/2021,860,,,,,,,,,,,
28/01/2021,929,,,,,,,,,,,
29/01/2021,983,,,,,,,,,,,
30/01/2021,759,,,,,,,,,,,
31/01/2021,812,,,,,,,,,,,
01/02/2021,848,,,,,,,,,,,
02/02/2021,825,,,,,,,,,,,
03/02/2021,871,,,,,,,,,,,
04/02/2021,908,,,,,,,,,,,
05/02/2021,1032,,,,,,,,,,,
06/02/2021,742,,,,,,,,,,,
07/02/2021,743,,,,,,,,,,,
08/02/2021,796,,,,,,,,,,,
09/02/2021,740,,,,,,,,,,,
10/02/2021,926,,,,,,,,,,,
11/02/2021,981,,,,,,,,,,,
12/02/2021,1058,,,,,,,,,,,
13/02/2021,771,,,,,,,,,,,
14/02/2021,772,,,,,,,,,,,
15/02/2021,892,,,,,,,,,,,
16/02/2021,798,,,,,,,,,,,
17/02/2021,862,,,,,,,,,,,
18/02/2021,974,,,,,,,,,,,
19/02/2021,976,,,,,,,,,,,
20/02/2021,700,,,,,,,,,,,
21/02/2021,835,,,,,,,,,,,
22/02/2021,885,,,,,,,,,,,
23/02/2021,796,,,,,,,,,,,
24/02/2021,929,,,,,,,,,,,
25/02/2021,1015,,,,,,,,,,,
26/02/2021,1059,,,,,,,,,,,
27/02/2021,768,,,,,,,,,,,
28/02/2021,879,,,,,,,,,,,
01/03/2021,944,,,,,,,,,,,
02/03/2021,904,,,,,,,,,,,
03/03/2021,977,,,,,,,,,,,
04/03/2021,1068,,,,,,,,,,,
05/03/2021,1092,,,,,,,,,,,
06/03/2021,743,,,,,,,,,,,
07/03/2021,864,,,,,,,,,,,
08/03/2021,937,,,,,,,,,,,
09/03/2021,913,,,,,,,,,,,
10/03/2021,953,,,,,,,,,,,
11/03/2021,976,,,,,,,,,,,
12/03/2021,1096,,,,,,,,,,,
13/03/2021,714,,,,,,,,,,,
14/03/2021,895,,,,,,,,,,,
15/03/2021,959,,,,,,,,,,,
16/03/2021,947,,,,,,,,,,,
17/03/2021,1068,,,,,,,,,,,
18/03/2021,1070,,,,,,,,,,,
19/03/2021,1209,,,,,,,,,,,
20/03/2021,799,,,,,,,,,,,
21/03/2021,927,,,,,,,,,,,
22/03/2021,985,,,,,,,,,,,
23/03/2021,910,,,,,,,,,,,
24/03/2021,980,,,,,,,,,,,
25/03/2021,1116,,,,,,,,,,,
26/03/2021,1282,,,,,,,,,,,
27/03/2021,848,,,,,,,,,,,
28/03/2021,980,,,,,,,,,,,
29/03/2021,1081,,,,,,,,,,,
30/03/2021,977,,,,,,,,,,,
31/03/2021,1193,,,,,,,,,,,
01/04/2021,1324,,,,,,,,,,,
02/04/2021,1177,,,,,,,,,,,
03/04/2021,834,,,,,,,,,,,
04/04/2021,891,,,,,,,,,,,
05/04/2021,926,,,,,,,,,,,
06/04/2021,953,,,,,,,,,,,
07/04/2021,1179,,,,,,,,,,,
08/04/2021,1207,,,,,,,,,,,
09/04/2021,1274,,,,,,,,,,,
10/04/2021,948,,,,,,,,,,,
11/04/2021,1071,,,,,,,,,,,
12/04/2021,1160,,,,,,,,,,,
13/04/2021,1076,,,,,,,,,,,
14/04/2021,1145,,,,,,,,,,,
15/04/2021,1216,,,,,,,,,,,
16/04/2021,1287,,,,,,,,,,,
17/04/2021,871,,,,,,,,,,,
18/04/2021,1134,,,,,,,,,,,
19/04/2021,1175,,,,,,,,,,,
20/04/2021,1041,,,,,,,,,,,
21/04/2021,1124,,,,,,,,,,,
22/04/2021,1196,,,,,,,,,,,
23/04/2021,1287,,,,,,,,,,,
24/04/2021,873,,,,,,,,,,,
25/04/2021,982,,,,,,,,,,,
26/04/2021,1152,,,,,,,,,,,
27/04/2021,1058,,,,,,,,,,,
28/04/2021,1132,,,,,,,,,,,
29/04/2021,1249,,,,,,,,,,,
30/04/2021,1395,,,,,,,,,,,
01/05/2021,958,,,,,,,,,,,
02/05/2021,1032,,,,,,,,,,,
03/05/2021,1113,,,,,,,,,,,
04/05/2021,1094,,,,,,,,,,,
05/05/2021,1162,,,,,,,,,,,
06/05/2021,1229,,,,,,,,,,,
07/05/2021,1422,,,,,,,,,,,
08/05/2021,851,,,,,,,,,,,
09/05/2021,1122,,,,,,,,,,,
10/05/2021,1300,,,,,,,,,,,
11/05/2021,1105,,,,,,,,,,,
12/05/2021,1166,,,,,,,,,,,
13/05/2021,1274,,,,,,,,,,,
14/05/2021,1355,,,,,,,,,,,
15/05/2021,899,,,,,,,,,,,
16/05/2021,1080,,,,,,,,,,,
17/05/2021,1493,,,,,,,,,,,
18/05/2021,1252,,,,,,,,,,,
19/05/2021,1391,,,,,,,,,,,
20/05/2021,1496,,,,,,,,,,,
21/05/2021,1692,,,,,,,,,,,
22/05/2021,1241,,,,,,,,,,,
23/05/2021,1430,,,,,,,,,,,
24/05/2021,1600,,,,,,,,,,,
25/05/2021,1347,,,,,,,,,,,
26/05/2021,1521,,,,,,,,,,,
27/05/2021,1748,,,,,,,,,,,
28/05/2021,2236,,,,,,,,,,,
29/05/2021,1771,,,,,,,,,,,
30/05/2021,1706,,,,,,,,,,,
31/05/2021,1518,,,,,,,,,,,
01/06/2021,1845,,,,,,,,,,,
02/06/2021,1818,,,,,,,,,,,
03/06/2021,1930,,,,,,,,,,,
04/06/2021,2252,,,,,,,,,,,
05/06/2021,1942,,,,,,,,,,,
06/06/2021,2132,,,,,,,,,,,
07/06/2021,2024,,,,,,,,,,,
08/06/2021,1666,,,,,,,,,,,
09/06/2021,1776,,,,,,,,,,,
10/06/2021,1833,,,,,,,,,,,
11/06/2021,2124,,,,,,,,,,,
12/06/2021,1593,,,,,,,,,,,
13/06/2021,1828,,,,,,,,,,,
14/06/2021,1911,,,,,,,,,,,
15/06/2021,1703,,,,,,,,,,,
16/06/2021,1855,,,,,,,,,,,
17/06/2021,2030,,,,,,,,,,,
18/06/2021,2217,,,,,,,,,,,
19/06/2021,1735,,,,,,,,,,,
20/06/2021,1993,,,,,,,,,,,
21/06/2021,1955,,,,,,,,,,,
22/06/2021,1815,,,,,,,,,,,
23/06/2021,1868,,,,,,,,,,,
24/06/2021,2012,,,,,,,,,,,
25/06/2021,2287,,,,,,,,,,,
26/06/2021,1857,,,,,,,,,,,
27/06/2021,1999,,,,,,,,,,,
28/06/2021,2095,,,,,,,,,,,
29/06/2021,1837,,,,,,,,,,,
30/06/2021,2006,,,,,,,,,,,
01/07/2021,2240,,,,,,,,,,,
02/07/2021,2483,,,,,,,,,,,
03/07/2021,2080,,,,,,,,,,,
04/07/2021,2139,,,,,,,,,,,
05/07/2021,2301,,,,,,,,,,,
06/07/2021,2040,,,,,,,,,,,
07/07/2021,2140,,,,,,,,,,,
08/07/2021,2336,,,,,,,,,,,
09/07/2021,2691,,,,,,,,,,,
10/07/2021,2346,,,,,,,,,,,
11/07/2021,2292,,,,,,,,,,,
12/07/2021,2453,,,,,,,,,,,
13/07/2021,2140,,,,,,,,,,,
14/07/2021,2143,,,,,,,,,,,
15/07/2021,2313,,,,,,,,,,,
16/07/2021,2895,,,,,,,,,,,
17/07/2021,2639,,,,,,,,,,,
18/07/2021,2612,,,,,,,,,,,
19/07/2021,2889,,,,,,,,,,,
20/07/2021,2623,,,,,,,,,,,
21/07/2021,2592,,,,,,,,,,,
22/07/2021,2857,,,,,,,,,,,
23/07/2021,3306,,,,,,,,,,,
24/07/2021,2939,,,,,,,,,,,
25/07/2021,2936,,,,,,,,,,,
26/07/2021,2923,,,,,,,,,,,
27/07/2021,2623,,,,,,,,,,,
28/07/2021,2696,,,,,,,,,,,
29/07/2021,2832,,,,,,,,,,,
30/07/2021,3271,,,,,,,,,,,
31/07/2021,3056,,,,,,,,,,,
01/08/2021,3104,,,,,,,,,,,
02/08/2021,3181,,,,,,,,,,,
03/08/2021,2935,,,,,,,,,,,
04/08/2021,2952,,,,,,,,,,,
05/08/2021,3048,,,,,,,,,,,
06/08/2021,3332,,,,,,,,,,,
07/08/2021,3135,,,,,,,,,,,
08/08/2021,3192,,,,,,,,,,,
09/08/2021,3118,,,,,,,,,,,
10/08/2021,2896,,,,,,,,,,,
11/08/2021,3019,,,,,,,,,,,
12/08/2021,3115,,,,,,,,,,,
13/08/2021,3422,,,,,,,,,,,
14/08/2021,3224,,,,,,,,,,,
15/08/2021,3197,,,,,,,,,,,
16/08/2021,3284,,,,,,,,,,,
17/08/2021,2967,,,,,,,,,,,
18/08/2021,3114,,,,,,,,,,,
19/08/2021,3204,,,,,,,,,,,
20/08/2021,3602,,,,,,,,,,,
21/08/2021,3230,,,,,,,,,,,
22/08/2021,3392,,,,,,,,,,,
23/08/2021,3404,,,,,,,,,,,
24/08/2021,3112,,,,,,,,,,,
25/08/2021,3299,,,,,,,,,,,
26/08/2021,3369,,,,,,,,,,,
27/08/2021,3687,,,,,,,,,,,
28/08/2021,3417,,,,,,,,,,,
29/08/2021,3547,,,,,,,,,,,
30/08/2021,3569,,,,,,,,,,,
31/08/2021,3395,,,,,,,,,,,
01/09/2021,3477,,,,,,,,,,,
02/09/2021,3556,,,,,,,,,,,
03/09/2021,3858,,,,,,,,,,,
04/09/2021,3462,,,,,,,,,,,
05/09/2021,3805,,,,,,,,,,,
06/09/2021,3706,,,,,,,,,,,
07/09/2021,3299,,,,,,,,,,,
08/09/2021,3373,,,,,,,,,,,
09/09/2021,3594,,,,,,,,,,,
10/09/2021,3934,,,,,,,,,,,
11/09/2021,3426,,,,,,,,,,,
12/09/2021,3721,,,,,,,,,,,
13/09/2021,3768,,,,,,,,,,,
14/09/2021,3244,,,,,,,,,,,
15/09/2021,3461,,,,,,,,,,,
16/09/2021,3551,,,,,,,,,,,
17/09/2021,3992,,,,,,,,,,,
18/09/2021,3371,,,,,,,,,,,
19/09/2021,3766,,,,,,,,,,,
20/09/2021,3749,,,,,,,,,,,
21/09/2021,3308,,,,,,,,,,,
22/09/2021,3404,,,,,,,,,,,
23/09/2021,3687,,,,,,,,,,,
24/09/2021,3977,,,,,,,,,,,
25/09/2021,3409,,,,,,,,,,,
26/09/2021,3726,,,,,,,,,,,
27/09/2021,3716,,,,,,,,,,,
28/09/2021,3192,,,,,,,,,,,
29/09/2021,3394,,,,,,,,,,,
30/09/2021,3534,,,,,,,,,,,
01/10/2021,4061,,,,,,,,,,,
02/10/2021,3290,,,,,,,,,,,
03/10/2021,3748,,,,,,,,,,,
04/10/2021,3779,,,,,,,,,,,
05/10/2021,3201,,,,,,,,,,,
06/10/2021,3364,,,,,,,,,,,
07/10/2021,3570,,,,,,,,,,,
08/10/2021,4083,,,,,,,,,,,
09/10/2021,3279,,,,,,,,,,,
10/10/2021,3662,,,,,,,,,,,
11/10/2021,3736,,,,,,,,,,,
12/10/2021,3276,,,,,,,,,,,
13/10/2021,3379,,,,,,,,,,,
14/10/2021,3630,,,,,,,,,,,
15/10/2021,4115,,,,,,,,,,,
16/10/2021,3495,,,,,,,,,,,
17/10/2021,3744,,,,,,,,,,,
18/10/2021,3715,,,,,,,,,,,
19/10/2021,3216,,,,,,,,,,,
20/10/2021,3382,,,,,,,,,,,
21/10/2021,3685,,,,,,,,,,,
22/10/2021,4251,,,,,,,,,,,
23/10/2021,3530,,,,,,,,,,,
24/10/2021,3799,,,,,,,,,,,
25/10/2021,3738,,,,,,,,,,,
26/10/2021,3218,,,,,,,,,,,
27/10/2021,3449,,,,,,,,,,,
28/10/2021,3590,,,,,,,,,,,
29/10/2021,4106,,,,,,,,,,,
30/10/2021,3561,,,,,,,,,,,
31/10/2021,4001,,,,,,,,,,,
01/11/2021,3823,,,,,,,,,,,
02/11/2021,3273,,,,,,,,,,,
03/11/2021,3295,,,,,,,,,,,
04/11/2021,3515,,,,,,,,,,,
05/11/2021,3861,,,,,,,,,,,
06/11/2021,2952,,,,,,,,,,,
07/11/2021,3484,,,,,,,,,,,
08/11/2021,3524,,,,,,,,,,,
09/11/2021,3079,,,,,,,,,,,
10/11/2021,3097,,,,,,,,,,,
11/11/2021,3376,,,,,,,,,,,
12/11/2021,3744,,,,,,,,,,,
13/11/2021,2755,,,,,,,,,,,
14/11/2021,3414,,,,,,,,,,,
15/11/2021,3517,,,,,,,,,,,
16/11/2021,3084,,,,,,,,,,,
17/11/2021,3072,,,,,,,,,,,
18/11/2021,3306,,,,,,,,,,,
19/11/2021,3768,,,,,,,,,,,
20/11/2021,2803,,,,,,,,,,,
21/11/2021,3323,,,,,,,,,,,
22/11/2021,3475,,,,,,,,,,,
23/11/2021,3022,,,,,,,,,,,
24/11/2021,3051,,,,,,,,,,,
25/11/2021,3409,,,,,,,,,,,
26/11/2021,3546,,,,,,,,,,,
27/11/2021,2604,,,,,,,,,,,
28/11/2021,3259,,,,,,,,,,,
29/11/2021,3555,,,,,,,,,,,
30/11/2021,2953,,,,,,,,,,,
01/12/2021,3025,,,,,,,,,,,
02/12/2021,3367,,,,,,,,,,,
03/12/2021,3622,,,,,,,,,,,
04/12/2021,2812,,,,,,,,,,,
05/12/2021,3291,,,,,,,,,,,
06/12/2021,3477,,,,,,,,,,,
07/12/2021,2765,,,,,,,,,,,
08/12/2021,3051,,,,,,,,,,,
09/12/2021,3348,,,,,,,,,,,
10/12/2021,3888,,,,,,,,,,,
11/12/2021,3067,,,,,,,,,,,
12/12/2021,3512,,,,,,,,,,,
13/12/2021,3655,,,,,,,,,,,
14/12/2021,3291,,,,,,,,,,,
15/12/2021,3504,,,,,,,,,,,
16/12/2021,3848,,,,,,,,,,,
17/12/2021,4446,,,,,,,,,,,
18/12/2021,3467,,,,,,,,,,,
19/12/2021,3709,,,,,,,,,,,
20/12/2021,4021,,,,,,,,,,,
21/12/2021,3581,,,,,,,,,,,
22/12/2021,3667,,,,,,,,,,,
23/12/2021,3767,,,,,,,,,,,
24/12/2021,2849,,,,,,,,,,,
25/12/2021,934,*,,,,,,,,,,
26/12/2021,3135,*,,,,,,,,,,
27/12/2021,3568,*,,,,,,,,,,
28/12/2021,3238,*,,,,,,,,,,
29/12/2021,3224,*,,,,,,,,,,
30/12/2021,3358,*,,,,,,,,,,
31/12/2021,2904,,,,,,,,,,,
01/01/2022,2501,,,,,,,,,,,
02/01/2022,3685,,,,,,,,,,,
03/01/2022,3745,,,,,,,,,,,
04/01/2022,3313,,,,,,,,,,,
05/01/2022,3166,,,,,,,,,,,
06/01/2022,3113,,,,,,,,,,,
07/01/2022,3483,,,,,,,,,,,
08/01/2022,3016,,,,,,,,,,,
09/01/2022,3465,,,,,,,,,,,
10/01/2022,2588,,,,,,,,,,,
11/01/2022,2187,,,,,,,,,,,
12/01/2022,2153,,,,,,,,,,,
13/01/2022,2427,,,,,,,,,,,
14/01/2022,2752,,,,,,,,,,,
15/01/2022,2312,,,,,,,,,,,
16/01/2022,2681,,,,,,,,,,,
17/01/2022,2410,,,,,,,,,,,
18/01/2022,2037,,,,,,,,,,,
19/01/2022,2084,,,,,,,,,,,
20/01/2022,2408,,,,,,,,,,,
21/01/2022,2801,,,,,,,,,,,
22/01/2022,2361,,,,,,,,,,,
23/01/2022,2697,,,,,,,,,,,
24/01/2022,2397,,,,,,,,,,,
25/01/2022,2040,,,,,,,,,,,
26/01/2022,2093,,,,,,,,,,,
27/01/2022,2413,,,,,,,,,,,
28/01/2022,2769,,,,,,,,,,,
29/01/2022,2261,,,,,,,,,,,
30/01/2022,2670,,,,,,,,,,,
31/01/2022,2429,,,,,,,,,,,
01/02/2022,2434,,,,,,,,,,,
02/02/2022,2580,,,,,,,,,,,
03/02/2022,2848,,,,,,,,,,,
04/02/2022,3238,,,,,,,,,,,
05/02/2022,2762,,,,,,,,,,,
06/02/2022,3214,,,,,,,,,,,
07/02/2022,3037,,,,,,,,,,,
08/02/2022,2638,,,,,,,,,,,
09/02/2022,2668,,,,,,,,,,,
10/02/2022,3325,,,,,,,,,,,
11/02/2022,3989,,,,,,,,,,,
12/02/2022,3602,,,,,,,,,,,
13/02/2022,3537,,,,,,,,,,,
14/02/2022,3422,,,,,,,,,,,
15/02/2022,2960,,,,,,,,,,,
16/02/2022,2879,,,,,,,,,,,
17/02/2022,3389,,,,,,,,,,,
18/02/2022,2902,,,,,,,,,,,
19/02/2022,3819,,,,,,,,,,,
20/02/2022,3743,,,,,,,,,,,
21/02/2022,3383,,,,,,,,,,,
22/02/2022,3083,,,,,,,,,,,
23/02/2022,3066,,,,,,,,,,,
24/02/2022,3421,,,,,,,,,,,
25/02/2022,3863,,,,,,,,,,,
26/02/2022,3202,,,,,,,,,,,
27/02/2022,3754,,,,,,,,,,,
28/02/2022,3659,,,,,,,,,,,
01/03/2022,3243,,,,,,,,,,,
02/03/2022,3338,,,,,,,,,,,
03/03/2022,3641,,,,,,,,,,,
04/03/2022,4074,,,,,,,,,,,
05/03/2022,3437,,,,,,,,,,,
06/03/2022,3805,,,,,,,,,,,
07/03/2022,3793,,,,,,,,,,,
08/03/2022,3400,,,,,,,,,,,
09/03/2022,3367,,,,,,,,,,,
10/03/2022,3807,,,,,,,,,,,
11/03/2022,4111,,,,,,,,,,,
12/03/2022,3453,,,,,,,,,,,
13/03/2022,3921,,,,,,,,,,,
14/03/2022,3883,,,,,,,,,,,
15/03/2022,3516,,,,,,,,,,,
16/03/2022,3501,,,,,,,,,,,
17/03/2022,3842,,,,,,,,,,,
18/03/2022,4239,,,,,,,,,,,
19/03/2022,3550,,,,,,,,,,,
20/03/2022,3913,,,,,,,,,,,
21/03/2022,3908,,,,,,,,,,,
22/03/2022,3473,,,,,,,,,,,
23/03/2022,3553,,,,,,,,,,,
24/03/2022,3813,,,,,,,,,,,
25/03/2022,4227,,,,,,,,,,,
26/03/2022,3573,,,,,,,,,,,
27/03/2022,4390,,,,,,,,,,,
28/03/2022,4748,,,,,,,,,,,
29/03/2022,4578,,,,,,,,,,,
30/03/2022,4397,,,,,,,,,,,
31/03/2022,4616,,,,,,,,,,,
01/04/2022,4916,,,,,,,,,,,
02/04/2022,4337,,,,,,,,,,,
03/04/2022,4524,,,,,,,,,,,
04/04/2022,4835,,,,,,,,,,,
05/04/2022,4582,,,,,,,,,,,
06/04/2022,4761,,,,,,,,,,,
07/04/2022,4874,,,,,,,,,,,
08/04/2022,5095,,,,,,,,,,,
09/04/2022,4518,,,,,,,,,,,
10/04/2022,4718,,,,,,,,,,,
11/04/2022,4956,,,,,,,,,,,
12/04/2022,4791,,,,,,,,,,,
13/04/2022,4752,,,,,,,,,,,
14/04/2022,5042,,,,,,,,,,,
15/04/2022,4895,,,,,,,,,,,
16/04/2022,4309,,,,,,,,,,,
17/04/2022,4550,,,,,,,,,,,
18/04/2022,4929,,,,,,,,,,,
19/04/2022,4920,,,,,,,,,,,
20/04/2022,4845,,,,,,,,,,,
21/04/2022,4894,,,,,,,,,,,
22/04/2022,5119,,,,,,,,,,,
23/04/2022,4266,,,,,,,,,,,
24/04/2022,4737,,,,,,,,,,,
25/04/2022,4956,,,,,,,,,,,
26/04/2022,4854,,,,,,,,,,,
27/04/2022,4830,,,,,,,,,,,
28/04/2022,5060,,,,,,,,,,,
29/04/2022,5351,,,,,,,,,,,
30/04/2022,4451,,,,,,,,,,,
01/05/2022,4870,,,,,,,,,,,
02/05/2022,5274,,,,,,,,,,,
03/05/2022,5131,,,,,,,,,,,
04/05/2022,5098,,,,,,,,,,,
05/05/2022,5388,,,,,,,,,,,
06/05/2022,5575,,,,,,,,,,,
07/05/2022,4675,,,,,,,,,,,
08/05/2022,5148,,,,,,,,,,,
09/05/2022,5402,,,,,,,,,,,
10/05/2022,5193,,,,,,,,,,,
11/05/2022,5227,,,,,,,,,,,
12/05/2022,5428,,,,,,,,,,,
13/05/2022,5636,,,,,,,,,,,
14/05/2022,4851,,,,,,,,,,,
15/05/2022,5169,,,,,,,,,,,
16/05/2022,5417,,,,,,,,,,,
17/05/2022,5294,,,,,,,,,,,
18/05/2022,5315,,,,,,,,,,,
19/05/2022,5540,,,,,,,,,,,
20/05/2022,5610,,,,,,,,,,,
21/05/2022,4929,,,,,,,,,,,
22/05/2022,5309,,,,,,,,,,,
23/05/2022,5572,,,,,,,,,,,
24/05/2022,5383,,,,,,,,,,,
25/05/2022,5530,,,,,,,,,,,
26/05/2022,5724,,,,,,,,,,,
27/05/2022,6130,,,,,,,,,,,
28/05/2022,5387,,,,,,,,,,,
29/05/2022,5446,,,,,,,,,,,
30/05/2022,5826,,,,,,,,,,,
31/05/2022,5522,,,,,,,,,,,
01/06/2022,5723,,,,,,,,,,,
02/06/2022,5635,,,,,,,,,,,
03/06/2022,5612,,,,,,,,,,,
04/06/2022,5177,,,,,,,,,,,
05/06/2022,5679,,,,,,,,,,,
06/06/2022,5970,,,,,,,,,,,
07/06/2022,5699,,,,,,,,,,,
08/06/2022,5609,,,,,,,,,,,
09/06/2022,5882,,,,,,,,,,,
10/06/2022,5989,,,,,,,,,,,
11/06/2022,5205,,,,,,,,,,,
12/06/2022,5570,,,,,,,,,,,
13/06/2022,5913,,,,,,,,,,,
14/06/2022,5726,,,,,,,,,,,
15/06/2022,5737,,,,,,,,,,,
16/06/2022,5861,,,,,,,,,,,
17/06/2022,5898,,,,,,,,,,,
18/06/2022,5098,,,,,,,,,,,
19/06/2022,5536,,,,,,,,,,,
20/06/2022,5791,,,,,,,,,,,
21/06/2022,5732,,,,,,,,,,,
22/06/2022,5669,,,,,,,,,,,
23/06/2022,5792,,,,,,,,,,,
24/06/2022,5907,,,,,,,,,,,
25/06/2022,5144,,, ,,,,,,,,
26/06/2022,5484,,,,,,,,,,,
27/06/2022,5838,,,,,,,,,,,
28/06/2022,5724,,,,,,,,,,,
29/06/2022,5761,,,,,,,,,,,
30/06/2022,5716,,,,,,,,,,,
01/07/2022,6028,,,,,,,,,,,
02/07/2022,5259,,,,,,,,,,,
03/07/2022,5586,,,,,,,,,,,
04/07/2022,5883,,,,,,,,,,,
05/07/2022,5733,,,,,,,,,,,
06/07/2022,5823,,,,,,,,,,,
07/07/2022,5907,,,,,,,,,,,
08/07/2022,6084,,,,,,,,,,,
09/07/2022,5423,,,,,,,,,,,
10/07/2022,5608,,,,,,,,,,,
11/07/2022,5848,,,,,,,,,,,
12/07/2022,5752,,,,,,,,,,,
13/07/2022,5762,,,,,,,,,,,
14/07/2022,5845,,,,,,,,,,,
15/07/2022,5966,,,,,,,,,,,
16/07/2022,5388,,,,,,,,,,,
17/07/2022,5552,,,,,,,,,,,
18/07/2022,5827,,,,,,,,,,,
19/07/2022,5616,,,,,,,,,,,
20/07/2022,5666,,,,,,,,,,,
21/07/2022,5819,,,,,,,,,,,
22/07/2022,5985,,,,,,,,,,,
23/07/2022,5375,,,,,,,,,,,
24/07/2022,5497,,,,,,,,,,,
25/07/2022,5725,,,,,,,,,,,
26/07/2022,5598,,,,,,,,,,,
27/07/2022,5527,,,,,,,,,,,
28/07/2022,5702,,,,,,,,,,,
29/07/2022,5890,,,,,,,,,,,
30/07/2022,5371,,,,,,,,,,,
31/07/2022,5490,,,,,,,,,,,
01/08/2022,5735,,,,,,,,,,,
02/08/2022,5562,,,,,,,,,,,
03/08/2022,5564,,,,,,,,,,,
04/08/2022,5608,,,,,,,,,,,
05/08/2022,5801,,,,,,,,,,,
06/08/2022,5306,,,,,,,,,,,
07/08/2022,5443,,,,,,,,,,,
08/08/2022,5662,,,,,,,,,,,
09/08/2022,5517,,,,,,,,,,,
10/08/2022,5521,,,,,,,,,,,
11/08/2022,5635,,,,,,,,,,,
12/08/2022,5769,,,,,,,,,,,
13/08/2022,5244,,,,,,,,,,,
14/08/2022,5448,,,,,,,,,,,
15/08/2022,5637,,,,,,,,,,,
16/08/2022,5612,,,,,,,,,,,
17/08/2022,5350,,,,,,,,,,,
18/08/2022,5640,,,,,,,,,,,
19/08/2022,5826,,,,,,,,,,,
20/08/2022,5303,,,,,,,,,,,
21/08/2022,5449,,,,,,,,,,,
22/08/2022,5702,,,,,,,,,,,
23/08/2022,5490,,,,,,,,,,,
24/08/2022,5675,,,,,,,,,,,
25/08/2022,5720,,,,,,,,,,,
26/08/2022,5921,,,,,,,,,,,
27/08/2022,5276,,,,,,,,,,,
28/08/2022,5545,,,,,,,,,,,
29/08/2022,5696,,,,,,,,,,,
30/08/2022,5773,,,,,,,,,,,
31/08/2022,5715,,,,,,,,,,,
01/09/2022,5881,,,,,,,,,,,
02/09/2022,5945,,,,,,,,,,,
03/09/2022,5343,,,,,,,,,,,
04/09/2022,5606,,,,,,,,,,,
05/09/2022,5826,,,,,,,,,,,
06/09/2022,5633,,,,,,,,,,,
07/09/2022,5697,,,,,,,,,,,
08/09/2022,5597,,,,,,,,,,,
09/09/2022,5783,,,,,,,,,,,
10/09/2022,5158,,,,,,,,,,,
11/09/2022,5535,,,,,,,,,,,
12/09/2022,5768,,,,,,,,,,,
13/09/2022,5639,,,,,,,,,,,
14/09/2022,5674,,,,,,,,,,,
15/09/2022,5812,,,,,,,,,,,
16/09/2022,5477,,,,,,,,,,,
17/09/2022,5257,,,,,,,,,,,
18/09/2022,5518,,,,,,,,,,,
19/09/2022,5255,,,,,,,,,,,
20/09/2022,5606,,,,,,,,,,,
21/09/2022,5623,,,,,,,,,,,
22/09/2022,5812,,,,,,,,,,,
23/09/2022,5918,,,,,,,,,,,
24/09/2022,5061,,,,,,,,,,,
25/09/2022,5446,,,,,,,,,,,
26/09/2022,5749,,,,,,,,,,,
27/09/2022,5491,,,,,,,,,,,
28/09/2022,5497,,,,,,,,,,,
29/09/2022,5517,,,,,,,,,,,
30/09/2022,5635,,,,,,,,,,,
01/10/2022,4933,,,,,,,,,,,
02/10/2022,5334,,,,,,,,,,,
03/10/2022,5590,,,,,,,,,,,
04/10/2022,5351,,,,,,,,,,,
05/10/2022,5292,,,,,,,,,,,
06/10/2022,5593,,,,,,,,,,,
07/10/2022,5661,,,,,,,,,,,
08/10/2022,4889,,,,,,,,,,,
09/10/2022,5233,,,,,,,,,,,
,,,,,,,,,,,,
Source: EUROCONTROL,,,,,,,,,,,,
"* Seven-day average adjusted for unusual events (e.g. Christmas Day, storms etc.)",,,,,,,,,,,,
